,id,text,tokenized_text,polaridad,negative,neutral,positive,result
0,1450253980819496961,"Happy birthday, @NajJeter. I can't wait for you to return as Miles in #SpiderMan2 for PS5. - Giovanni De La Cruz ğŸ˜","['Happy', 'birthday', ',', '.', ""can't"", 'wait', 'return', 'Miles', 'PS5', '.', '-', 'Giovanni', 'De', 'La', 'Cruz']","Happy birthday , . can't wait return Miles PS5 . - Giovanni De La Cruz",0.0,0.791,0.209,Positive
1,1450231450872262667,Day 37 of asking Insomniac to please add the Captain Universe suit to Spider-Man 2 for either Peter or Miles or both ğŸ™Œ #SpiderManPS5 #SpiderMan2 #InsomniacGames https://t.co/FlgmlqE6f2,"['Day', '37', 'asking', 'Insomniac', 'please', 'add', 'Captain', 'Universe', 'suit', 'Spider-Man', '2', 'either', 'Peter', 'Miles', 'https://t.co/FlgmlqE6f2']",Day 37 asking Insomniac please add Captain Universe suit Spider-Man 2 either Peter Miles https://t.co/FlgmlqE6f2,0.0,0.859,0.141,Neutral
2,1450176713380573184,@NetflixUK @netflix where is #spiderman2?? How could you leave this out? Preparing for #SpiderManNoWayHome #TobeyMaguire,"['?', '?', 'could', 'leave', '?', 'Preparing']",? ? could leave ? Preparing,0.258,0.742,0.0,Neutral
3,1450120733972119552,@RaggySays hello Jason how are you today I want to present you a new suit for Peter Parker is the fusion of spidey and the CAP I hope you like it and they approve it for 2023 #SpiderManPS5  #Spiderman2  #insomniacgames ğŸ™ğŸ¼ğŸ™ğŸ¼ğŸ™ğŸ¼ğŸ™ğŸ¼ğŸ•¸ï¸ğŸ•·ï¸ğŸ•·ï¸ğŸ•·ï¸ğŸ•·ï¸ğŸ’¯ https://t.co/3pESDyz5Lk,"['hello', 'Jason', 'today', 'want', 'present', 'new', 'suit', 'Peter', 'Parker', 'fusion', 'spidey', 'CAP', 'hope', 'like', 'approve', '2023', 'ï¸', 'ï¸', 'ï¸', 'ï¸', 'ï¸', 'https://t.co/3pESDyz5Lk']",hello Jason today want present new suit Peter Parker fusion spidey CAP hope like approve 2023 ï¸ ï¸ ï¸ ï¸ ï¸ https://t.co/3pESDyz5Lk,0.0,0.739,0.261,Positive
4,1450120372527960068,@AdamNoonchester hello Adam how are you today I want to present you a new suit for Peter Parker is the fusion of spidey and the CAP I hope you like it and they approve it for 2023 ğŸ•·ï¸ğŸ•·ï¸ğŸ•·ï¸ğŸ•·ï¸ğŸ•¸ï¸ğŸ•¸ï¸ğŸ•¸ï¸ğŸ•¸ï¸ğŸ™ğŸ¼ğŸ™ğŸ¼ğŸ™ğŸ¼ğŸ™ğŸ¼ğŸ’ªğŸ»ğŸ‘ğŸ» #insomniacgames #SpiderManPS5 #Spiderman2 https://t.co/kmjOizrl5C,"['hello', 'Adam', 'today', 'want', 'present', 'new', 'suit', 'Peter', 'Parker', 'fusion', 'spidey', 'CAP', 'hope', 'like', 'approve', '2023', 'ï¸', 'ï¸', 'ï¸', 'ï¸', 'ï¸', 'ï¸', 'ï¸', 'ï¸', 'https://t.co/kmjOizrl5C']",hello Adam today want present new suit Peter Parker fusion spidey CAP hope like approve 2023 ï¸ ï¸ ï¸ ï¸ ï¸ ï¸ ï¸ ï¸ https://t.co/kmjOizrl5C,0.0,0.767,0.233,Positive
5,1450119625539264512,@RyanSmithGD hello ryan how are you today I want to present you a new suit for Peter Parker is the fusion of spidey and the CAP I hope you like it and they approve it for 2023ğŸ™ğŸ¼ğŸ™ğŸ¼ğŸ™ğŸ¼ğŸ™ğŸ¼ğŸ•¸ï¸ğŸ•·ï¸ğŸ•·ï¸ğŸ•·ï¸ğŸ•·ï¸ #insomniacgames #SpiderManPS5 #Spiderman2 https://t.co/Cx5BtIKH3M,"['hello', 'ryan', 'today', 'want', 'present', 'new', 'suit', 'Peter', 'Parker', 'fusion', 'spidey', 'CAP', 'hope', 'like', 'approve', '2023', 'ï¸', 'ï¸', 'ï¸', 'ï¸', 'ï¸', 'https://t.co/Cx5BtIKH3M']",hello ryan today want present new suit Peter Parker fusion spidey CAP hope like approve 2023 ï¸ ï¸ ï¸ ï¸ ï¸ https://t.co/Cx5BtIKH3M,0.0,0.739,0.261,Positive
6,1450116621607919623,@blurayangel Don't forget the games. #SuicideSquadGame #GothamKnights #Spiderman2 #WolverinePS5 https://t.co/6m6XKiqvGk,"['forget', 'games', '.', 'https://t.co/6m6XKiqvGk']",forget games . https://t.co/6m6XKiqvGk,0.388,0.612,0.0,Negative
7,1449943890723758083,Day 36 of asking Insomniac to please add the Captain Universe suit to Spider-Man 2 for either Peter or Miles or both ğŸ™Œ #SpiderManPS5 #SpiderMan2 #InsomniacGames https://t.co/BJ51Xs5Jmk,"['Day', '36', 'asking', 'Insomniac', 'please', 'add', 'Captain', 'Universe', 'suit', 'Spider-Man', '2', 'either', 'Peter', 'Miles', 'https://t.co/BJ51Xs5Jmk']",Day 36 asking Insomniac please add Captain Universe suit Spider-Man 2 either Peter Miles https://t.co/BJ51Xs5Jmk,0.0,0.859,0.141,Neutral
8,1449715985716584452,"Found some Symbiote Suit leaks. :P #PS5Share, #MarvelsSpiderManRemastered  #MarvelsSpiderMan2 #SpiderMan2 #Venom #SymbioteSuit #VirtualPhotography #TheCapturedCollective #VGPUnite #GamerGram #WorldofVP #VPCommunity #ArtisticofSociety #VPWorld https://t.co/wL1Z9GjJzs","['Found', 'Symbiote', 'Suit', 'leaks', '.', ':P', ',', 'https://t.co/wL1Z9GjJzs']","Found Symbiote Suit leaks . :P , https://t.co/wL1Z9GjJzs",0.0,0.719,0.281,Positive
9,1449714150024925187,OMG!! Ready for #spiderman2 https://t.co/hKStmeSLrT,"['OMG', '!', '!', 'Ready', 'https://t.co/hKStmeSLrT']",OMG ! ! Ready https://t.co/hKStmeSLrT,0.0,0.565,0.435,Positive
10,1449606315567947778,"Spiderman 2 Leak!?!?!?!

#Spiderman2 #peterparker #milesmorales #venom #kraventhehunter #mysterio #thelizard #drconners #normanosborn #harryosborn #marvel #leak #NXL #nxlfaithful #Needextralife https://t.co/WODNdES76D","['Spiderman', '2', 'Leak', '!', '?', '!', '?', '!', '?', '!', 'https://t.co/WODNdES76D']",Spiderman 2 Leak ! ? ! ? ! ? ! https://t.co/WODNdES76D,0.291,0.709,0.0,Negative
11,1449543267943596035,"Marvel's Spider-Man 2  (2023)  Game Trailer  PS5 HD
#Spiderman2 #SpiderManPS5 #PS5Share 
https://t.co/KhobYe9UYk","[""Marvel's"", 'Spider-Man', '2', '(', '2023', ')', 'Game', 'Trailer', 'PS5', 'HD', 'https://t.co/KhobYe9UYk']",Marvel's Spider-Man 2 ( 2023 ) Game Trailer PS5 HD https://t.co/KhobYe9UYk,0.0,1.0,0.0,Neutral
12,1449536689391783936,@_southernoracle hello jonathan how are you today I want to present you a new suit for Peter Parker is the fusion of spidey and the CAP I hope you like it and they approve itğŸ™ğŸ¼ğŸ™ğŸ¼ğŸ™ğŸ¼ğŸ™ğŸ¼ğŸ™ğŸ¼ğŸŒŸğŸ’ªğŸ»ğŸ’¯ğŸ•·ï¸ğŸ•·ï¸ğŸ•·ï¸ğŸ•·ï¸ #SpiderManPS5  #Spiderman2  #InsomniacGames https://t.co/91WiX5KcPc,"['hello', 'jonathan', 'today', 'want', 'present', 'new', 'suit', 'Peter', 'Parker', 'fusion', 'spidey', 'CAP', 'hope', 'like', 'approve', 'ï¸', 'ï¸', 'ï¸', 'ï¸', 'https://t.co/91WiX5KcPc']",hello jonathan today want present new suit Peter Parker fusion spidey CAP hope like approve ï¸ ï¸ ï¸ ï¸ https://t.co/91WiX5KcPc,0.0,0.717,0.283,Positive
13,1449525568047927300,"Game coming out that excite me:

#SuicideSquadGame 
#WolverinePS5 
#spiderman2
#GothamKnights 
#WWE2K22 
#CallofDutyVanguard","['Game', 'coming', 'excite', ':']",Game coming excite :,0.0,0.492,0.508,Positive
14,1449483708793294850,@yeahmergo Canâ€™t wait for #SpiderManNoWayHome!! Plus the #spiderman2 game trailer now makes sense as to why #Venom is in itâ€¦!,"['â€™', 'wait', '!', '!', 'Plus', 'game', 'trailer', 'makes', 'sense', 'â€¦', '!']",â€™ wait ! ! Plus game trailer makes sense â€¦ !,0.0,1.0,0.0,Neutral
15,1449466843849183239,New #SpiderManNoWayHomeleak shows Tom Hollandâ€™s Peter Parker getting run over by the same train Alfred Molinas Doc Ock fought Tobey Maguireâ€™s Peter Parker in #SpiderMan2 https://t.co/lMvHdJ48bl,"['New', 'shows', 'Tom', 'Holland', 'â€™', 'Peter', 'Parker', 'getting', 'run', 'train', 'Alfred', 'Molinas', 'Doc', 'Ock', 'fought', 'Tobey', 'Maguire', 'â€™', 'Peter', 'Parker', 'https://t.co/lMvHdJ48bl']",New shows Tom Holland â€™ Peter Parker getting run train Alfred Molinas Doc Ock fought Tobey Maguire â€™ Peter Parker https://t.co/lMvHdJ48bl,0.103,0.897,0.0,Negative
16,1449445076510277635,#Spiderman2â€™s Yuri Lowenthal chats about fan love for the video game trailer and Tony Todd: https://t.co/2iHKPPZGBs,"['â€™', 'Yuri', 'Lowenthal', 'chats', 'fan', 'love', 'video', 'game', 'trailer', 'Tony', 'Todd', ':', 'https://t.co/2iHKPPZGBs']",â€™ Yuri Lowenthal chats fan love video game trailer Tony Todd : https://t.co/2iHKPPZGBs,0.0,0.629,0.371,Positive
17,1449431178507952133,I wish #Venom is playable character in #SpiderMan2 #Marvel . https://t.co/hApcyFFtdK,"['wish', 'playable', 'character', '.', 'https://t.co/hApcyFFtdK']",wish playable character . https://t.co/hApcyFFtdK,0.0,0.597,0.403,Positive
18,1449383260933529601,Day 35 of asking Insomniac to please add the Captain Universe suit to Spider-Man 2 for either Peter or Miles or both ğŸ™Œ #SpiderManPS5 #SpiderMan2 #InsomniacGames https://t.co/G9vLaDEu6q,"['Day', '35', 'asking', 'Insomniac', 'please', 'add', 'Captain', 'Universe', 'suit', 'Spider-Man', '2', 'either', 'Peter', 'Miles', 'https://t.co/G9vLaDEu6q']",Day 35 asking Insomniac please add Captain Universe suit Spider-Man 2 either Peter Miles https://t.co/G9vLaDEu6q,0.0,0.859,0.141,Neutral
19,1449329578154110978,"Spider-Man 2 (2004) - Read 1,036 Movie Reviews 
Link: https://t.co/FrEpkPFFw0 
#SpiderMan2 #MovieReviews","['Spider-Man', '2', '(', '2004', ')', '-', 'Read', '1,036', 'Movie', 'Reviews', 'Link', ':', 'https://t.co/FrEpkPFFw0']","Spider-Man 2 ( 2004 ) - Read 1,036 Movie Reviews Link : https://t.co/FrEpkPFFw0",0.0,1.0,0.0,Neutral
20,1449245417070268417,Best hero shots always at the sunset #thebatman #SpiderMan2 https://t.co/N27YJpf9Xs,"['Best', 'hero', 'shots', 'always', 'sunset', 'https://t.co/N27YJpf9Xs']",Best hero shots always sunset https://t.co/N27YJpf9Xs,0.0,0.339,0.661,Positive
21,1449178902589497352,@GavinGoulden hello gavin how are you today I want to present you a new suit for Peter Parker is the fusion of spidey and the CAP I hope you like it and they approve itğŸ™ğŸ¼ğŸ™ğŸ¼ğŸ™ğŸ¼ğŸ™ğŸ¼ğŸ•·ï¸ğŸ•·ï¸ğŸ•·ï¸ğŸ•·ï¸ #insomniacgames     #SpiderManPS5  #Spiderman2 https://t.co/sMTerig8N7,"['hello', 'gavin', 'today', 'want', 'present', 'new', 'suit', 'Peter', 'Parker', 'fusion', 'spidey', 'CAP', 'hope', 'like', 'approve', 'ï¸', 'ï¸', 'ï¸', 'ï¸', 'https://t.co/sMTerig8N7']",hello gavin today want present new suit Peter Parker fusion spidey CAP hope like approve ï¸ ï¸ ï¸ ï¸ https://t.co/sMTerig8N7,0.0,0.717,0.283,Positive
22,1449178450909093890,@Tommy_Toons hello tommy how are you today I want to present you a new suit for Peter Parker is the fusion of spidey and the CAP I hope you like it and they approve it ğŸ™ğŸ¼ğŸ™ğŸ¼ğŸ™ğŸ¼ğŸ™ğŸ¼ #insomniacgames #SpiderManPS5  #Spiderman2 https://t.co/MpDQv563Hq,"['hello', 'tommy', 'today', 'want', 'present', 'new', 'suit', 'Peter', 'Parker', 'fusion', 'spidey', 'CAP', 'hope', 'like', 'approve', 'https://t.co/MpDQv563Hq']",hello tommy today want present new suit Peter Parker fusion spidey CAP hope like approve https://t.co/MpDQv563Hq,0.0,0.66,0.34,Positive
23,1449118208426971136,"Our friendly neighbor is ready to join the fun ğŸ•·

Book now and avail 10% discount here: https://t.co/Al2hhE1fOx #skyhighpartyrentals #bouncehouse #moonwalk #inflatables #partyrentals #moonwalkrentals #adultbouncehouse #spiderman #spiderman2 https://t.co/uYE6aiO0Rk","['friendly', 'neighbor', 'ready', 'join', 'fun', 'Book', 'avail', '10', '%', 'discount', ':', 'https://t.co/Al2hhE1fOx', 'https://t.co/uYE6aiO0Rk']",friendly neighbor ready join fun Book avail 10 % discount : https://t.co/Al2hhE1fOx https://t.co/uYE6aiO0Rk,0.0,0.446,0.554,Positive
24,1449094221651234824,#SpiderMan2 Star #YuriLowenthal Talks Working With #TonyTodd And Fan Response To The Trailer (Exclusive) https://t.co/jvQ2aN4KtQ https://t.co/JsyZVBshLs,"['Star', 'Talks', 'Working', 'Fan', 'Response', 'Trailer', '(', 'Exclusive', ')', 'https://t.co/jvQ2aN4KtQ', 'https://t.co/JsyZVBshLs']",Star Talks Working Fan Response Trailer ( Exclusive ) https://t.co/jvQ2aN4KtQ https://t.co/JsyZVBshLs,0.0,0.703,0.297,Positive
25,1449091203270651909,Movie Marathon Review: Spider-Man 2. #spiderman #nowayhome #spiderman2 #movies https://t.co/lVJjvNRV4Q,"['Movie', 'Marathon', 'Review', ':', 'Spider-Man', '2', '.', 'https://t.co/lVJjvNRV4Q']",Movie Marathon Review : Spider-Man 2 . https://t.co/lVJjvNRV4Q,0.0,1.0,0.0,Neutral
26,1449083637450911754,@sholanng hello lauren how are you today I want to present you a new suit for Peter Parker is the fusion of spidey and the CAP I hope you like it and they approve it is for Spiderman 2 2023ğŸ’ªğŸ»ğŸ’¯ğŸ•·ï¸ğŸ•·ï¸ğŸ•·ï¸ğŸ•·ï¸ #insomniacgames  #Spiderman2 https://t.co/5p3KsKYt1V,"['hello', 'lauren', 'today', 'want', 'present', 'new', 'suit', 'Peter', 'Parker', 'fusion', 'spidey', 'CAP', 'hope', 'like', 'approve', 'Spiderman', '2', '2023', 'ï¸', 'ï¸', 'ï¸', 'ï¸', 'https://t.co/5p3KsKYt1V']",hello lauren today want present new suit Peter Parker fusion spidey CAP hope like approve Spiderman 2 2023 ï¸ ï¸ ï¸ ï¸ https://t.co/5p3KsKYt1V,0.0,0.749,0.251,Positive
27,1449082078490943490,@jbtuason hello  how are you today I want to present you a new suit for Peter Parker is the fusion of spidey and the CAP I hope you like it and they approve it is for a insomniac games Spiderman 2 2023ğŸ’ªğŸ»ğŸ’¯ğŸ•·ï¸ğŸ•·ï¸ğŸ•·ï¸ğŸ•·ï¸ #insomniacgames #Spiderman2 https://t.co/gfzr13QpOa,"['hello', 'today', 'want', 'present', 'new', 'suit', 'Peter', 'Parker', 'fusion', 'spidey', 'CAP', 'hope', 'like', 'approve', 'insomniac', 'games', 'Spiderman', '2', '2023', 'ï¸', 'ï¸', 'ï¸', 'ï¸', 'https://t.co/gfzr13QpOa']",hello today want present new suit Peter Parker fusion spidey CAP hope like approve insomniac games Spiderman 2 2023 ï¸ ï¸ ï¸ ï¸ https://t.co/gfzr13QpOa,0.0,0.758,0.242,Positive
28,1449081922257367043,Day 34 of asking Insomniac to please add the Captain Universe suit to Spider-Man 2 for either Peter or Miles or both ğŸ™Œ #SpiderManPS5 #SpiderMan2 #InsomniacGames https://t.co/aEYebD0qwD,"['Day', '34', 'asking', 'Insomniac', 'please', 'add', 'Captain', 'Universe', 'suit', 'Spider-Man', '2', 'either', 'Peter', 'Miles', 'https://t.co/aEYebD0qwD']",Day 34 asking Insomniac please add Captain Universe suit Spider-Man 2 either Peter Miles https://t.co/aEYebD0qwD,0.0,0.859,0.141,Neutral
29,1449049966991876101,@insomniacgames please make Agent Venom a skin for Spider-Man 2! PLEEEAAAAASE ğŸ¥ºğŸ¥ºğŸ¥º #SpiderManPS5 #Spiderman2 #SpiderManMilesMorales https://t.co/cH5MRtsxuQ,"['please', 'make', 'Agent', 'Venom', 'skin', 'Spider-Man', '2', '!', 'PLEEEAAAAASE', 'ğŸ¥º', 'ğŸ¥º', 'ğŸ¥º', 'https://t.co/cH5MRtsxuQ']",please make Agent Venom skin Spider-Man 2 ! PLEEEAAAAASE ğŸ¥º ğŸ¥º ğŸ¥º https://t.co/cH5MRtsxuQ,0.0,0.853,0.147,Neutral
30,1449039082055774208,"#FridayThoughts Sub to @theSENchannel &amp; it's awesome Shows, incl #TheBigThing(M/W/F 12pmET/9amPT) #PopCulture &amp; Review show! @KristianHarloff @TheSwaggyBlerd @CoyJandreau   REWATCH: #SpiderMan2 (2004); &amp; deep dive into all things about this movie! https://t.co/hhT0Nc85wC https://t.co/NGlxupMc6d","['Sub', '&', 'awesome', 'Shows', ',', 'incl', '(', '/', 'W', '/', 'F', '12pmET', '/', '9amPT', ')', '&', 'Review', 'show', '!', 'REWATCH', ':', '(', '2004', ');', '&', 'deep', 'dive', 'things', 'movie', '!', 'https://t.co/hhT0Nc85wC', 'https://t.co/NGlxupMc6d']","Sub & awesome Shows , incl ( / W / F 12pmET / 9amPT ) & Review show ! REWATCH : ( 2004 ); & deep dive things movie ! https://t.co/hhT0Nc85wC https://t.co/NGlxupMc6d",0.0,0.869,0.131,Positive
31,1449031673367105538,"#FridayThoughts Sub to @theSENchannel &amp; it's awesome Shows, incl #TheBigThing(M/W/F 12pmET/9amPT) #PopCulture &amp; Review show! @KristianHarloff @TheSwaggyBlerd @CoyJandreau   REWATCH series &amp; dive deep into #SpiderMan2('04) &amp; how it will link to #NoWayHome https://t.co/hhT0Nc85wC https://t.co/mG6rY0TxD7","['Sub', '&', 'awesome', 'Shows', ',', 'incl', '(', '/', 'W', '/', 'F', '12pmET', '/', '9amPT', ')', '&', 'Review', 'show', '!', 'REWATCH', 'series', '&', 'dive', 'deep', '(', ""'"", '04', ')', '&', 'link', 'https://t.co/hhT0Nc85wC', 'https://t.co/mG6rY0TxD7']","Sub & awesome Shows , incl ( / W / F 12pmET / 9amPT ) & Review show ! REWATCH series & dive deep ( ' 04 ) & link https://t.co/hhT0Nc85wC https://t.co/mG6rY0TxD7",0.0,0.876,0.124,Positive
32,1449011131977138187,What if #SpiderMan or #Spiderman2 on #PS4 and #PS5 had co-op #multiplayer? Why doesn't it? We talk about these and much more in our latest #podcast #episode! https://t.co/pglvruHFsu,"['co-op', '?', '?', 'talk', 'much', 'latest', '!', 'https://t.co/pglvruHFsu']",co-op ? ? talk much latest ! https://t.co/pglvruHFsu,0.0,1.0,0.0,Neutral
33,1448986412154490880,Marvel Friday: There Is No Way Home (Spider-Man 2) https://t.co/PZoeg0hB9o #SpiderMan #spidermanhomecoming #spidermancosplay #spiderman2 #spiderman2099 #spiderman3 #spidermanmovie #spidermanfan #spidermancomics #spidermanhoco #spidermanps4 #spidermancake #spidermanhomecoming,"['Marvel', 'Friday', ':', 'Way', 'Home', '(', 'Spider-Man', '2', ')', 'https://t.co/PZoeg0hB9o']",Marvel Friday : Way Home ( Spider-Man 2 ) https://t.co/PZoeg0hB9o,0.0,0.763,0.237,Positive
34,1448937757322014728,"#theater #spiderman2 #SpiderManNoWayHome #News #Movies Spider-Man: No Way Home: Doc Ock's Arms Are CGI, Not Practical Effects: No strings on me. One of the coolest touches in Sam Raimiâ€™s 2004 Spider-Man 2 was how Alfred Molinaâ€™s Doc Ock used practicalâ€¦ https://t.co/Bnc9JN7EyG https://t.co/cZkbqazj7j","['Spider-Man', ':', 'Way', 'Home', ':', 'Doc', ""Ock's"", 'Arms', 'CGI', ',', 'Practical', 'Effects', ':', 'strings', '.', 'One', 'coolest', 'touches', 'Sam', 'Raimi', 'â€™', '2004', 'Spider-Man', '2', 'Alfred', 'Molina', 'â€™', 'Doc', 'Ock', 'used', 'practical', 'â€¦', 'https://t.co/Bnc9JN7EyG', 'https://t.co/cZkbqazj7j']","Spider-Man : Way Home : Doc Ock's Arms CGI , Practical Effects : strings . One coolest touches Sam Raimi â€™ 2004 Spider-Man 2 Alfred Molina â€™ Doc Ock used practical â€¦ https://t.co/Bnc9JN7EyG https://t.co/cZkbqazj7j",0.0,1.0,0.0,Neutral
35,1448892042004815883,"Though unconfirmed, new leaks have revealed previously unknown villains and gameplay improvements in Marvel's Spider-Man 2.

#Marvelgames #Marveluniverse #MarvelsSpiderMan2 #SpiderMan2 #Usa #Uk #Canada #Australia

https://t.co/7yvngnreaI https://t.co/rNGtqaZ0mf","['Though', 'unconfirmed', ',', 'new', 'leaks', 'revealed', 'previously', 'unknown', 'villains', 'gameplay', 'improvements', ""Marvel's"", 'Spider-Man', '2', '.', 'https://t.co/7yvngnreaI', 'https://t.co/rNGtqaZ0mf']","Though unconfirmed , new leaks revealed previously unknown villains gameplay improvements Marvel's Spider-Man 2 . https://t.co/7yvngnreaI https://t.co/rNGtqaZ0mf",0.266,0.631,0.104,Negative
36,1448827368446078980,#Spiderman2 leaks only possible on #PS5 #Avowed pre-production #FarCry6 90% sales on #PlayStation #Amazon new #Steam competitor #luna https://t.co/LKR6K3OQLe @MrKrisSteel @Midway8Monster @KelvinA313 @ChillBandit @EmperorWraith @TipDiamond2 @BloodyReckl3ss @janathan66,"['leaks', 'possible', 'pre-production', '90', '%', 'sales', 'new', 'competitor', 'https://t.co/LKR6K3OQLe']",leaks possible pre-production 90 % sales new competitor https://t.co/LKR6K3OQLe,0.0,1.0,0.0,Neutral
37,1448824659592482823,#Spiderman2 leaks only possible on #PS5 #Avowed pre-production #FarCry6 90% sales on #PlayStation #Amazon new #Steam competitor #luna https://t.co/LKR6K3OQLe @IronmanX37 @terryhe85162215 @gunnie85 @6200dre @ShakeDown2012 @Zimm804 @WOOLLEY_GAMER @notaxation @Halla290 @RyderF87 @ty,"['leaks', 'possible', 'pre-production', '90', '%', 'sales', 'new', 'competitor', 'https://t.co/LKR6K3OQLe']",leaks possible pre-production 90 % sales new competitor https://t.co/LKR6K3OQLe,0.0,1.0,0.0,Neutral
38,1448823843729158145,#Spiderman2 leaks only possible on #PS5 #Avowed pre-production #FarCry6 90% sales on #PlayStation #Amazon new #Steam competitor #luna https://t.co/LKR6K3OQLe @MagnificentBlac @Jason_Mal26 @Ceaser462 @OverdoneMemes @Overlord__X @NeksGen @Slynewt1974 @GamesAndWario @dcoop_no @,"['leaks', 'possible', 'pre-production', '90', '%', 'sales', 'new', 'competitor', 'https://t.co/LKR6K3OQLe']",leaks possible pre-production 90 % sales new competitor https://t.co/LKR6K3OQLe,0.0,1.0,0.0,Neutral
39,1448822936241049604,#Spiderman2 leaks only possible on #PS5 #Avowed pre-production #FarCry6 90% sales on #PlayStation #Amazon new #Steam competitor #luna https://t.co/LKR6K3OQLe @HardcoreMetal89 @ghostb18 @DarkLink999 @MsTechNotFancy1 @IsXboxStillLast @CFC_Isaiah @XboxJuan4K @DaXboxUniverse,"['leaks', 'possible', 'pre-production', '90', '%', 'sales', 'new', 'competitor', 'https://t.co/LKR6K3OQLe']",leaks possible pre-production 90 % sales new competitor https://t.co/LKR6K3OQLe,0.0,1.0,0.0,Neutral
40,1448822590676537348,#Spiderman2 leaks only possible on #PS5 #Avowed pre-production #FarCry6 90% sales on #PlayStation #Amazon new #Steam competitor #luna https://t.co/LKR6K3OQLe @ElysiumcoreX @RedDev25 @TheVergx @Verdict4489 @Shokio_YT @Dealer_Gaming @Dee_Batch @BrogiNaric @keloke514 @KelvinA313,"['leaks', 'possible', 'pre-production', '90', '%', 'sales', 'new', 'competitor', 'https://t.co/LKR6K3OQLe']",leaks possible pre-production 90 % sales new competitor https://t.co/LKR6K3OQLe,0.0,1.0,0.0,Neutral
41,1448822299537326080,#Spiderman2 leaks only possible on #PS5 #Avowed pre-production #FarCry6 90% sales #PlayStation #Amazon new #Steam competitor #luna https://t.co/LKR6K3OQLe @jerry_d93 @BrianIn27926328 @Copenhagen0 @coryjt2000 @TheAshenLuca @Fac3it978 @DuevolCarter @justmenmygirls4 @Donnell52974551,"['leaks', 'possible', 'pre-production', '90', '%', 'sales', 'new', 'competitor', 'https://t.co/LKR6K3OQLe']",leaks possible pre-production 90 % sales new competitor https://t.co/LKR6K3OQLe,0.0,1.0,0.0,Neutral
42,1448821976559140867,#Spiderman2 leaks only possible on #PS5 #Avowed pre-production #FarCry6 90% sales #PlayStation #Amazon new #Steam competitor #luna https://t.co/LKR6K3OQLe @Javongogh1987 @GameOverGreggy @Kingrandom3 @DIESEL_MDM @Javongogh1987 @GamesAndWario @Arnibarani @TKDamascus @Phvrmvceutic_L,"['leaks', 'possible', 'pre-production', '90', '%', 'sales', 'new', 'competitor', 'https://t.co/LKR6K3OQLe']",leaks possible pre-production 90 % sales new competitor https://t.co/LKR6K3OQLe,0.0,1.0,0.0,Neutral
43,1448821505727598592,#Spiderman2 leaks only possible on #PS5 #Avowed pre-production #FarCry6 90% sales  #PlayStation #Amazon new #Steam competitor #luna https://t.co/LKR6K3OQLe @COD_KING_KAK @The_CrapGamer @CraigHarris456 @crazyh0rse1234 @ChrisHarte7 @ChrisCobera90 @Stoutstizzle @OBE1plays @Griggity,"['leaks', 'possible', 'pre-production', '90', '%', 'sales', 'new', 'competitor', 'https://t.co/LKR6K3OQLe']",leaks possible pre-production 90 % sales new competitor https://t.co/LKR6K3OQLe,0.0,1.0,0.0,Neutral
44,1448821220594659339,#Spiderman2 leaks only possible on #PS5 #Avowed pre-production #FarCry6 90% sales on #PlayStation #Amazon new #Steam competitor #luna https://t.co/LKR6K3OQLe @YourMam19722720 @JoshuaincI @turboverse1990 @JacobTupua @_DTOR123_ @kidsmoove @SPgamer786 @Saltiest_Gaming @Oti09280470,"['leaks', 'possible', 'pre-production', '90', '%', 'sales', 'new', 'competitor', 'https://t.co/LKR6K3OQLe']",leaks possible pre-production 90 % sales new competitor https://t.co/LKR6K3OQLe,0.0,1.0,0.0,Neutral
45,1448820880885403649,#Spiderman2 leaks only possible on #PS5 #Avowed pre-production #FarCry6 90% sales on #PlayStation #Amazon new #Steam competitor #luna https://t.co/LKR6K3OQLe @lolkidd4life @PersonNt @PersonNt @outlaw2120 @RipStarr1 @76eaglesfan76 @EL_Kapitano2 @SuperPodshots @PS5_Disciple @MM2K,"['leaks', 'possible', 'pre-production', '90', '%', 'sales', 'new', 'competitor', 'https://t.co/LKR6K3OQLe']",leaks possible pre-production 90 % sales new competitor https://t.co/LKR6K3OQLe,0.0,1.0,0.0,Neutral
46,1448820599367811077,#Spiderman2 leaks only possible on #PS5 #Avowed pre-production #FarCry6 90% sales  #PlayStation #Amazon new #Steam competitor #luna https://t.co/LKR6K3OQLe  @DaRealMastalin @DOC_DARK1985 @PureFlakMonkeY @DoWhatYouDo6 @JayBari_ @YungBoyGip @EternalE808 @matthew_esmar @Mattlazer4L,"['leaks', 'possible', 'pre-production', '90', '%', 'sales', 'new', 'competitor', 'https://t.co/LKR6K3OQLe']",leaks possible pre-production 90 % sales new competitor https://t.co/LKR6K3OQLe,0.0,1.0,0.0,Neutral
47,1448820192151326723,#Spiderman2 leaks only possible on #PS5 #Avowed pre-production #FarCry6 90% sales on #PlayStation #Amazon new #Steam competitor #luna https://t.co/LKR6K3OQLe @Armando12354345 @ar0dimus @bigthangs510 @MasterSith40 @jermarbates4K60 @SSWIGameNation @claudell25 @TeAndreWillisSr,"['leaks', 'possible', 'pre-production', '90', '%', 'sales', 'new', 'competitor', 'https://t.co/LKR6K3OQLe']",leaks possible pre-production 90 % sales new competitor https://t.co/LKR6K3OQLe,0.0,1.0,0.0,Neutral
48,1448819897878863884,#Spiderman2 leaks only possible on #PS5 #Avowed pre-production #FarCry6 90% sales on #PlayStation #Amazon new #Steam competitor #luna https://t.co/LKR6K3OQLe @davidscottjaffe @HipHopGamer @PostUp_bbb @ExecutiveG @E3waitfor2020 @powerman4k @bobtothedole @XcloudTimdog @Arnibarani,"['leaks', 'possible', 'pre-production', '90', '%', 'sales', 'new', 'competitor', 'https://t.co/LKR6K3OQLe']",leaks possible pre-production 90 % sales new competitor https://t.co/LKR6K3OQLe,0.0,1.0,0.0,Neutral
49,1448819608962703365,#Spiderman2 leaks only possible on #PS5 #Avowed pre-production #FarCry6 90% sales on #PlayStation #Amazon new #Steam competitor #luna https://t.co/LKR6K3OQLe @ChillBandit @johnniejay2 @MaineUPTDC @MorganaDesuu @The_Ron1n @GameHero235 @ballnharder_ @raheem860_ @Optimus_Code,"['leaks', 'possible', 'pre-production', '90', '%', 'sales', 'new', 'competitor', 'https://t.co/LKR6K3OQLe']",leaks possible pre-production 90 % sales new competitor https://t.co/LKR6K3OQLe,0.0,1.0,0.0,Neutral
50,1448809995085262848,SPIDERMAN across the spider verse  #spiderman #spidermannowayhome #marvel #SpiderManPS5 #amazingspiderman #SpiderMan2 #spiderman3 #spiderverse #venom #SpiderManAcrossTheSpiderVerse https://t.co/RQGLxklYFM,"['SPIDERMAN', 'across', 'spider', 'verse', 'https://t.co/RQGLxklYFM']",SPIDERMAN across spider verse https://t.co/RQGLxklYFM,0.0,1.0,0.0,Neutral
51,1448809940240437254,SPIDERMAN across the spider verse  #spiderman #spidermannowayhome #marvel #SpiderManPS5 #amazingspiderman #SpiderMan2 #spiderman3 #spiderverse #venom #SpiderManAcrossTheSpiderVerse https://t.co/pO6uQmtlqn,"['SPIDERMAN', 'across', 'spider', 'verse', 'https://t.co/pO6uQmtlqn']",SPIDERMAN across spider verse https://t.co/pO6uQmtlqn,0.0,1.0,0.0,Neutral
52,1448745228786180099,Day 33 of asking Insomniac to please add the Captain Universe suit to Spider-Man 2 for either Peter or Miles or both ğŸ™Œ #SpiderManPS5 #SpiderMan2 #InsomniacGames https://t.co/xYmXQoCmaP,"['Day', '33', 'asking', 'Insomniac', 'please', 'add', 'Captain', 'Universe', 'suit', 'Spider-Man', '2', 'either', 'Peter', 'Miles', 'https://t.co/xYmXQoCmaP']",Day 33 asking Insomniac please add Captain Universe suit Spider-Man 2 either Peter Miles https://t.co/xYmXQoCmaP,0.0,0.859,0.141,Neutral
53,1448715212111040519,".@TomHolland1996 called Alfred Molina ""one of my favorite people I've ever worked with."" #SpiderMan fans are no strangers to Molina, who first appeared in Tobey Maguireâ€™s #SpiderMan2. However, a lot has changed since then. https://t.co/IdFiPHXrvD","['.', 'called', 'Alfred', 'Molina', '""', 'one', 'favorite', 'people', ""I've"", 'ever', 'worked', '.', '""', 'fans', 'strangers', 'Molina', ',', 'first', 'appeared', 'Tobey', 'Maguire', 'â€™', '.', 'However', ',', 'lot', 'changed', 'since', '.', 'https://t.co/IdFiPHXrvD']",". called Alfred Molina "" one favorite people I've ever worked . "" fans strangers Molina , first appeared Tobey Maguire â€™ . However , lot changed since . https://t.co/IdFiPHXrvD",0.0,0.906,0.094,Positive
54,1448697825018138754,Oh man I remember that scene. #Spiderman2 https://t.co/546lsxJfdf,"['Oh', 'man', 'remember', 'scene', '.', 'https://t.co/546lsxJfdf']",Oh man remember scene . https://t.co/546lsxJfdf,0.0,1.0,0.0,Neutral
55,1448671374864797696,@terryleelife hello Terry  how are you today I want to present you a new suit for Peter Parker is the fusion of spidey and the CAP I hope you like it and they approve itğŸ™ğŸ¼ğŸ™ğŸ¼ğŸ™ğŸ¼ğŸ™ğŸ¼ğŸ’ªğŸ»ğŸ’¯ğŸ•·ï¸ğŸ•·ï¸ğŸ•·ï¸ğŸ•·ï¸ #insomniacgames  #SpiderMan2  #spidermanPS5 https://t.co/eAm0W0njkD,"['hello', 'Terry', 'today', 'want', 'present', 'new', 'suit', 'Peter', 'Parker', 'fusion', 'spidey', 'CAP', 'hope', 'like', 'approve', 'ï¸', 'ï¸', 'ï¸', 'ï¸', 'https://t.co/eAm0W0njkD']",hello Terry today want present new suit Peter Parker fusion spidey CAP hope like approve ï¸ ï¸ ï¸ ï¸ https://t.co/eAm0W0njkD,0.0,0.717,0.283,Positive
56,1448660379987419155,"File find, the 3 original pages to my Spidey triptych #SpiderMan #SpiderManNoWayHome #SpiderMan2 #spiderman https://t.co/Fz7Uo4u4Qv","['File', 'find', ',', '3', 'original', 'pages', 'Spidey', 'triptych', 'https://t.co/Fz7Uo4u4Qv']","File find , 3 original pages Spidey triptych https://t.co/Fz7Uo4u4Qv",0.0,0.777,0.223,Neutral
57,1448637059623686153,@strahzimate hello Aaron how are you today I want to present you a new suit for Peter Parker is the fusion of spidey and the CAP I hope you like it and they approve it #insomniacgames #Spiderverse  #SpidermanPS5  #SpiderMan2 ğŸ™ğŸ¼ğŸ•·ï¸ğŸ•·ï¸ğŸ•·ï¸ğŸ•·ï¸ https://t.co/bslaAWAwns,"['hello', 'Aaron', 'today', 'want', 'present', 'new', 'suit', 'Peter', 'Parker', 'fusion', 'spidey', 'CAP', 'hope', 'like', 'approve', 'ï¸', 'ï¸', 'ï¸', 'ï¸', 'https://t.co/bslaAWAwns']",hello Aaron today want present new suit Peter Parker fusion spidey CAP hope like approve ï¸ ï¸ ï¸ ï¸ https://t.co/bslaAWAwns,0.0,0.717,0.283,Positive
58,1448621138058358790,SPIDERMAN MOVIES RANKED #spiderman #spidermannowayhome #marvel #SpiderManPS5 #amazingspiderman #SpiderMan2 #spiderman3 #spiderverse #venom #TobeyMaguire #tomholland #andrewgarfield https://t.co/VCyD2gCAKX https://t.co/2z5km8TNgk https://t.co/RJbSudDOOp,"['SPIDERMAN', 'MOVIES', 'RANKED', 'https://t.co/VCyD2gCAKX', 'https://t.co/2z5km8TNgk', 'https://t.co/RJbSudDOOp']",SPIDERMAN MOVIES RANKED https://t.co/VCyD2gCAKX https://t.co/2z5km8TNgk https://t.co/RJbSudDOOp,0.0,1.0,0.0,Neutral
59,1448620617469681668,SPIDERMAN MOVIES RANKED #spiderman #spidermannowayhome #marvel #SpiderManPS5 #amazingspiderman #SpiderMan2 #spiderman3 #spiderverse #venom #TobeyMaguire #tomholland #andrewgarfield https://t.co/6KscRxZn1P https://t.co/V6cHDiATxt,"['SPIDERMAN', 'MOVIES', 'RANKED', 'https://t.co/6KscRxZn1P', 'https://t.co/V6cHDiATxt']",SPIDERMAN MOVIES RANKED https://t.co/6KscRxZn1P https://t.co/V6cHDiATxt,0.0,1.0,0.0,Neutral
60,1448613085980217348,"New details about Marvel's Spider-Man 2 game leaked

#SpiderMan2 #SpiderMan2Game #SpiderMan2Leaks

 https://t.co/3MpiKZoVQD","['New', 'details', ""Marvel's"", 'Spider-Man', '2', 'game', 'leaked', 'https://t.co/3MpiKZoVQD']",New details Marvel's Spider-Man 2 game leaked https://t.co/3MpiKZoVQD,0.247,0.753,0.0,Negative
61,1448566944513155073,"just watched #SpiderMan2 (2004) by #SamRaimi

@TobeyMaguire @kirstendunst","['watched', '(', '2004', ')']",watched ( 2004 ),0.0,1.0,0.0,Neutral
62,1448559575301451779,"Doctor Octopus, formerly Dr. Otto Gunther Octavius, is an archenemy of Spider-Man. Sometimes referred to as Doc Ock for short. He forms the Sinister Six to fight Spider-Man. #inktober2021 #DoctorOctopus #DocOck #markerdrawing #DrOttoGuntherOctavius #Spiderman2 #MarvelComics https://t.co/jgQIOeDQQM","['Doctor', 'Octopus', ',', 'formerly', 'Dr', '.', 'Otto', 'Gunther', 'Octavius', ',', 'archenemy', 'Spider-Man', '.', 'Sometimes', 'referred', 'Doc', 'Ock', 'short', '.', 'forms', 'Sinister', 'Six', 'fight', 'Spider-Man', '.', 'https://t.co/jgQIOeDQQM']","Doctor Octopus , formerly Dr . Otto Gunther Octavius , archenemy Spider-Man . Sometimes referred Doc Ock short . forms Sinister Six fight Spider-Man . https://t.co/jgQIOeDQQM",0.213,0.787,0.0,Negative
63,1448540486378180611,Hey @NetflixUK is #SpiderMan2 starring #TobyMaguire &amp; #AlfredMolina coming to the platform. You all the other #Spiderman films and I want to get my views in before @SpiderManMovie comes out!!! #Rewatch #SpiderManNoWayHome #Multiverse #Marvel #Sony #SpidermanSaga,"['Hey', 'starring', '&', 'coming', 'platform', '.', 'films', 'want', 'get', 'views', 'comes', '!', '!', '!']",Hey starring & coming platform . films want get views comes ! ! !,0.0,0.857,0.143,Neutral
64,1448496434655813635,@TonyTodd54 is such a legend ğŸŒ¹ ğŸŒ¹ I seen that heâ€™s doing Venoms voice for the #SpiderMan2 game as well. From watching him scare the shit out of me as Child in #candyman to playing one of my favorite anti-heroâ€™s is just too great. https://t.co/n5REv77cJr,"['legend', 'seen', 'â€™', 'Venoms', 'voice', 'game', 'well', '.', 'watching', 'scare', 'shit', 'Child', 'playing', 'one', 'favorite', 'anti-hero', 'â€™', 'great', '.', 'https://t.co/n5REv77cJr']",legend seen â€™ Venoms voice game well . watching scare shit Child playing one favorite anti-hero â€™ great . https://t.co/n5REv77cJr,0.214,0.44,0.346,Positive
65,1448463366805233664,@insomniacgames Hope you guys didn't forget about my homegirl for Spider-Man 2 - one of my favorite spideys after Miles no doubt #SpiderMan2 #SpiderManPS4 #SpiderMan #SpiderGwen #GhostSpider https://t.co/DM2z0w7oRC,"['Hope', 'guys', 'forget', 'homegirl', 'Spider-Man', '2', '-', 'one', 'favorite', 'spideys', 'Miles', 'doubt', 'https://t.co/DM2z0w7oRC']",Hope guys forget homegirl Spider-Man 2 - one favorite spideys Miles doubt https://t.co/DM2z0w7oRC,0.228,0.466,0.306,Neutral
66,1448451731549917184,"Red, #SpiderMan2 is childhood for me. https://t.co/u0Uhv3YNP4","['Red', ',', 'childhood', '.', 'https://t.co/u0Uhv3YNP4']","Red , childhood . https://t.co/u0Uhv3YNP4",0.0,1.0,0.0,Neutral
67,1448450031300878336,@Zerocool1000 hello shane how are you today I want to present you a new suit for Peter Parker is the fusion of spidey and the CAP I hope you like it and they approve itğŸ™ğŸ¼ğŸ™ğŸ¼ğŸ™ğŸ¼ğŸ™ğŸ¼ğŸ•·ï¸ğŸ•·ï¸ğŸ•·ï¸ğŸ•·ï¸ğŸ’ªğŸ»ğŸ’¯ #SpiderMan2  #Spiderverse #insomniacgames https://t.co/muIuuWST2h,"['hello', 'shane', 'today', 'want', 'present', 'new', 'suit', 'Peter', 'Parker', 'fusion', 'spidey', 'CAP', 'hope', 'like', 'approve', 'ï¸', 'ï¸', 'ï¸', 'ï¸', 'https://t.co/muIuuWST2h']",hello shane today want present new suit Peter Parker fusion spidey CAP hope like approve ï¸ ï¸ ï¸ ï¸ https://t.co/muIuuWST2h,0.0,0.717,0.283,Positive
68,1448449486863360002,@shanemccloskey_ hello shane how are you today I want to present you a new suit for Peter Parker is the fusion of spidey and the CAP I hope you like it and they approve itğŸ™ğŸ¼ğŸ™ğŸ¼ğŸ™ğŸ¼ğŸ™ğŸ¼ğŸ’ªğŸ»ğŸ’¯ğŸ•·ï¸ğŸ•·ï¸ğŸ•·ï¸ğŸ•·ï¸ #insomniacgames #SpidermanPS5  #SpiderMan2 https://t.co/H7XTQSLIy8,"['hello', 'shane', 'today', 'want', 'present', 'new', 'suit', 'Peter', 'Parker', 'fusion', 'spidey', 'CAP', 'hope', 'like', 'approve', 'ï¸', 'ï¸', 'ï¸', 'ï¸', 'https://t.co/H7XTQSLIy8']",hello shane today want present new suit Peter Parker fusion spidey CAP hope like approve ï¸ ï¸ ï¸ ï¸ https://t.co/H7XTQSLIy8,0.0,0.717,0.283,Positive
69,1448433629059821568,"A better look at the Advanced suit 2.0 and i love it XD

#SpiderManPS5 #SpiderMan2 #fanart https://t.co/JVDIzV7gWq","['better', 'look', 'Advanced', 'suit', '2.0', 'love', 'XD', 'https://t.co/JVDIzV7gWq']",better look Advanced suit 2.0 love XD https://t.co/JVDIzV7gWq,0.0,0.227,0.773,Positive
70,1448432197430546433,"Day 13 of SWAPTOBER
SPIDER-MAN
#SpiderMan #SpiderMan2 #rule63 #peterparker https://t.co/feLEPuLy5E","['Day', '13', 'SWAPTOBER', 'SPIDER-MAN', 'https://t.co/feLEPuLy5E']",Day 13 SWAPTOBER SPIDER-MAN https://t.co/feLEPuLy5E,0.0,1.0,0.0,Neutral
71,1448411802187051012,Hype until 2023 #SpiderMan2 #SpiderManPS5 @insomniacgames https://t.co/GSZoVR1KUN,"['Hype', '2023', 'https://t.co/GSZoVR1KUN']",Hype 2023 https://t.co/GSZoVR1KUN,0.0,1.0,0.0,Neutral
72,1448405469710725123,@fatt__mo hello matt how are you today I want to present you a new suit for Peter Parker is the fusion of spidey and CAP I hope you like it and approve it is for insomniac games ğŸ•·ï¸ğŸ•·ï¸ğŸ•·ï¸ğŸ•·ï¸#insomniacgames #SpiderManPS5 #SpiderMan2 https://t.co/3Pp4qtoO05,"['hello', 'matt', 'today', 'want', 'present', 'new', 'suit', 'Peter', 'Parker', 'fusion', 'spidey', 'CAP', 'hope', 'like', 'approve', 'insomniac', 'games', 'ï¸', 'ï¸', 'ï¸', 'ï¸', 'https://t.co/3Pp4qtoO05']",hello matt today want present new suit Peter Parker fusion spidey CAP hope like approve insomniac games ï¸ ï¸ ï¸ ï¸ https://t.co/3Pp4qtoO05,0.0,0.739,0.261,Positive
73,1448405039656149001,@_mlktea hello how are you today I want to present you a new suit for Peter Parker is the fusion of spidey and CAP I hope you like it and approve it is for insomniac gamesğŸ’ªğŸ»ğŸ•·ï¸ğŸ™ğŸ¼ğŸ™ğŸ¼ğŸ™ğŸ¼ğŸ™ğŸ¼ğŸ’¯ #insomniacgames #SpiderManPS5  #SpiderMan2 https://t.co/pA0FXsjkky,"['hello', 'today', 'want', 'present', 'new', 'suit', 'Peter', 'Parker', 'fusion', 'spidey', 'CAP', 'hope', 'like', 'approve', 'insomniac', 'games', 'ï¸', 'https://t.co/pA0FXsjkky']",hello today want present new suit Peter Parker fusion spidey CAP hope like approve insomniac games ï¸ https://t.co/pA0FXsjkky,0.0,0.691,0.309,Positive
74,1448397629369556992,"Itâ€™s new comic book day!  Make sure you grab issues at @jayscdandhobby or DM me! 

Also, check out awesome merchandise at my threadless store 

https://t.co/L1GfuYkzQo

#indiecomics #comics #comicbooks #vampire #shark #wednesdaycomics
#comicbookday #DCStargirl #SpiderMan2 https://t.co/S0TJqjq17h","['â€™', 'new', 'comic', 'book', 'day', '!', 'Make', 'sure', 'grab', 'issues', 'DM', '!', 'Also', ',', 'check', 'awesome', 'merchandise', 'threadless', 'store', 'https://t.co/L1GfuYkzQo', 'https://t.co/S0TJqjq17h']","â€™ new comic book day ! Make sure grab issues DM ! Also , check awesome merchandise threadless store https://t.co/L1GfuYkzQo https://t.co/S0TJqjq17h",0.0,0.731,0.269,Positive
75,1448392624461733893,"He saved a train with full of people without help from Iron man and his high tech gadgets ,The strongest Spider-Man we ever had Pure classic!!!
#SpiderManNoWayHomeleak 
#SpiderManNoWayHometrailer
#SpiderMan2 
@spideyupdated @SpiderMan3news @spidervenom69 https://t.co/JbpINiMvZh https://t.co/NsSYCTepFZ","['saved', 'train', 'full', 'people', 'without', 'help', 'Iron', 'man', 'high', 'tech', 'gadgets', ',', 'strongest', 'Spider-Man', 'ever', 'Pure', 'classic', '!', '!', '!', 'https://t.co/JbpINiMvZh', 'https://t.co/NsSYCTepFZ']","saved train full people without help Iron man high tech gadgets , strongest Spider-Man ever Pure classic ! ! ! https://t.co/JbpINiMvZh https://t.co/NsSYCTepFZ",0.081,0.683,0.236,Positive
76,1448387298563817473,"Big rumored details on the #Spiderman2 PS5 game! 

When does #GOTG3 take place?
#Chucky getting great reviews
#FinnWolfhard calls the next season of #StrangerThings â€œmessed up.â€

Plus more from @ChrisKillian for the best hump day news! #DailyDistraction https://t.co/XCLfmoieoG","['Big', 'rumored', 'details', 'PS5', 'game', '!', 'take', 'place', '?', 'getting', 'great', 'reviews', 'calls', 'next', 'season', 'â€œ', 'messed', '.', 'â€', 'Plus', 'best', 'hump', 'day', 'news', '!', 'https://t.co/XCLfmoieoG']",Big rumored details PS5 game ! take place ? getting great reviews calls next season â€œ messed . â€ Plus best hump day news ! https://t.co/XCLfmoieoG,0.07,0.671,0.259,Positive
77,1448362323228430343,Day 32 of asking Insomniac to please add the Captain Universe suit to Spider-Man 2 for either Peter or Miles or both ğŸ™Œ #SpiderManPS5 #SpiderMan2 #InsomniacGames https://t.co/bnZfAB58DB,"['Day', '32', 'asking', 'Insomniac', 'please', 'add', 'Captain', 'Universe', 'suit', 'Spider-Man', '2', 'either', 'Peter', 'Miles', 'https://t.co/bnZfAB58DB']",Day 32 asking Insomniac please add Captain Universe suit Spider-Man 2 either Peter Miles https://t.co/bnZfAB58DB,0.0,0.859,0.141,Neutral
78,1448358827397615634,"Still not over the perfection that is @insomniacgamesâ€™ #SpiderMan2, AKA a generation defining visual masterpiece on #PS5 https://t.co/nnmhLdQlSl","['Still', 'perfection', 'â€™', ',', 'AKA', 'generation', 'defining', 'visual', 'masterpiece', 'https://t.co/nnmhLdQlSl']","Still perfection â€™ , AKA generation defining visual masterpiece https://t.co/nnmhLdQlSl",0.0,0.506,0.494,Positive
79,1448357147167895558,"Spider-Man 2 Players Could Get to Choose Between Peter Parker or Miles Morales According to Rumors! #SpiderMan2 #SpiderManPS5 

https://t.co/TQZpB3hDNq https://t.co/OIO356Qi6G","['Spider-Man', '2', 'Players', 'Could', 'Get', 'Choose', 'Peter', 'Parker', 'Miles', 'Morales', 'According', 'Rumors', '!', 'https://t.co/TQZpB3hDNq', 'https://t.co/OIO356Qi6G']",Spider-Man 2 Players Could Get Choose Peter Parker Miles Morales According Rumors ! https://t.co/TQZpB3hDNq https://t.co/OIO356Qi6G,0.0,1.0,0.0,Neutral
80,1448344260349239305,"SABLE ENTERS THE CHAT: SPIDERMAN ON PS4 STREAM TONIGHT @ 11:30 PM
https://t.co/oFpVqhdFm0

#Spoiler #twitch #ContentCreator #SupportSmallStreamers 
#PathToAffiliate #SpiderMan #TwitchStreamers #HALLOWEEB #SpiderMan2 https://t.co/5Z5h509szg","['SABLE', 'ENTERS', 'CHAT', ':', 'SPIDERMAN', 'PS4', 'STREAM', 'TONIGHT', '11:30', 'PM', 'https://t.co/oFpVqhdFm0', 'https://t.co/5Z5h509szg']",SABLE ENTERS CHAT : SPIDERMAN PS4 STREAM TONIGHT 11:30 PM https://t.co/oFpVqhdFm0 https://t.co/5Z5h509szg,0.0,1.0,0.0,Neutral
81,1448343671829577729,@Davidg1408 hello david how are you today I want to present you a new suit for Peter Parker is the fusion of spidey and CAP I hope you like it and share it is for insomniac games #SpiderMan2  #insomniacgames ğŸ•·ï¸ğŸ•·ï¸ğŸ•·ï¸ğŸ•·ï¸ğŸ’ªğŸ»ğŸ’¯ https://t.co/yckjxj4qvY,"['hello', 'david', 'today', 'want', 'present', 'new', 'suit', 'Peter', 'Parker', 'fusion', 'spidey', 'CAP', 'hope', 'like', 'share', 'insomniac', 'games', 'ï¸', 'ï¸', 'ï¸', 'ï¸', 'https://t.co/yckjxj4qvY']",hello david today want present new suit Peter Parker fusion spidey CAP hope like share insomniac games ï¸ ï¸ ï¸ ï¸ https://t.co/yckjxj4qvY,0.0,0.669,0.331,Positive
82,1448343106299043846,@thebubswonder hello Jordan how are you today I want to present you a new suit for Peter Parker is the fusion of spidey and CAP I hope you like it and share it is for insomniac games #insomniacgames #SpiderMan2 #Spiderverse ğŸ•·ï¸ğŸ•·ï¸ğŸ•·ï¸ğŸ•·ï¸ https://t.co/aTab2Jxj7P,"['hello', 'Jordan', 'today', 'want', 'present', 'new', 'suit', 'Peter', 'Parker', 'fusion', 'spidey', 'CAP', 'hope', 'like', 'share', 'insomniac', 'games', 'ï¸', 'ï¸', 'ï¸', 'ï¸', 'https://t.co/aTab2Jxj7P']",hello Jordan today want present new suit Peter Parker fusion spidey CAP hope like share insomniac games ï¸ ï¸ ï¸ ï¸ https://t.co/aTab2Jxj7P,0.0,0.669,0.331,Positive
83,1448340831388246017,Skylar Grey &amp; Eminem - Last One Standing | Venom let there be Carnage (Music Video) https://t.co/pMGB0tuGMj #VIDEOS #YouTubeShorts #Venom #VenomLetThereBeCarnage #Venom2 #SpiderManNoWayHomeleaks #SpiderManNoWayHomeleak #SpiderManNoWayHometrailer #SpiderMan2,"['Skylar', 'Grey', '&', 'Eminem', '-', 'Last', 'One', 'Standing', '|', 'Venom', 'let', 'Carnage', '(', 'Music', 'Video', ')', 'https://t.co/pMGB0tuGMj']",Skylar Grey & Eminem - Last One Standing | Venom let Carnage ( Music Video ) https://t.co/pMGB0tuGMj,0.0,0.93,0.07,Neutral
84,1448334900608880643,"This week we talk #games that need #multiplayer (like #spidermanps5 and #spiderman2), but we take a break to praise @TimOfLegend of @DoubleFine for his genius and under-appreciated sense of style. Check out the full episode wherever you listen to #podcasts! https://t.co/hFxnp7URiq","['week', 'talk', 'need', '(', 'like', ')', ',', 'take', 'break', 'praise', 'genius', 'under-appreciated', 'sense', 'style', '.', 'Check', 'full', 'episode', 'wherever', 'listen', '!', 'https://t.co/hFxnp7URiq']","week talk need ( like ) , take break praise genius under-appreciated sense style . Check full episode wherever listen ! https://t.co/hFxnp7URiq",0.0,0.758,0.242,Positive
85,1448314738107060230,"What if #SpiderMan2 for #PS5 had #multiplayer? What about #Psychonauts? Imagine YOUR favorite #videogame with co-op! We also talk about the #youtuber #GeoWizard, and which #movie tropes we can't stand! #Share and #Review! https://t.co/jq2mtofvFO","['?', '?', 'Imagine', 'favorite', 'co-op', '!', 'also', 'talk', ',', 'tropes', ""can't"", 'stand', '!', '!', 'https://t.co/jq2mtofvFO']","? ? Imagine favorite co-op ! also talk , tropes can't stand ! ! https://t.co/jq2mtofvFO",0.0,0.768,0.232,Positive
86,1448309519134728199,@SynthOrch hello hammers how are you today I want to present you a new suit for Peter Parker is the fusion of spidey and the CAP I hope you like it and they approve it #Spiderverse  #insomniacgames #SpiderMan2 ğŸ’¯ğŸ•·ï¸ğŸ•·ï¸ğŸ•·ï¸ğŸ•·ï¸ https://t.co/kmWemDgzpq,"['hello', 'hammers', 'today', 'want', 'present', 'new', 'suit', 'Peter', 'Parker', 'fusion', 'spidey', 'CAP', 'hope', 'like', 'approve', 'ï¸', 'ï¸', 'ï¸', 'ï¸', 'https://t.co/kmWemDgzpq']",hello hammers today want present new suit Peter Parker fusion spidey CAP hope like approve ï¸ ï¸ ï¸ ï¸ https://t.co/kmWemDgzpq,0.0,0.717,0.283,Positive
87,1448308655036768259,@Roy_Orr hello roy how are you today I want to present you a new suit for Peter Parker is the fusion of spidey and the CAP I hope you like it and they approve it #Spiderverse  #insomniacgames #SpiderMan2 ğŸ’¯ğŸ•·ï¸ğŸ•·ï¸ğŸ•·ï¸ğŸ•·ï¸ https://t.co/DKxBSlxlND,"['hello', 'roy', 'today', 'want', 'present', 'new', 'suit', 'Peter', 'Parker', 'fusion', 'spidey', 'CAP', 'hope', 'like', 'approve', 'ï¸', 'ï¸', 'ï¸', 'ï¸', 'https://t.co/DKxBSlxlND']",hello roy today want present new suit Peter Parker fusion spidey CAP hope like approve ï¸ ï¸ ï¸ ï¸ https://t.co/DKxBSlxlND,0.0,0.717,0.283,Positive
88,1448308040583852039,@LiamMurphywip hello liam how are you today I want to present you a new suit for Peter Parker is the fusion of spidey and the CAP I hope you like it and they approve it #insomniacgames #Spiderverse  #SpiderMan2 #spidermanps5 https://t.co/4GYrhk61s9,"['hello', 'liam', 'today', 'want', 'present', 'new', 'suit', 'Peter', 'Parker', 'fusion', 'spidey', 'CAP', 'hope', 'like', 'approve', 'https://t.co/4GYrhk61s9']",hello liam today want present new suit Peter Parker fusion spidey CAP hope like approve https://t.co/4GYrhk61s9,0.0,0.66,0.34,Positive
89,1448307447584669696,@maxfolkmax hello max how are you today I want to present you a new suit for Peter Parker is the fusion of spidey and the CAP I hope you like it and they approve itğŸ•·ï¸ğŸ•·ï¸ğŸ•·ï¸ğŸ•·ï¸ #SpiderMan2  #insomniacgames #Spiderverse https://t.co/HZSyUpbcJK,"['hello', 'max', 'today', 'want', 'present', 'new', 'suit', 'Peter', 'Parker', 'fusion', 'spidey', 'CAP', 'hope', 'like', 'approve', 'ï¸', 'ï¸', 'ï¸', 'ï¸', 'https://t.co/HZSyUpbcJK']",hello max today want present new suit Peter Parker fusion spidey CAP hope like approve ï¸ ï¸ ï¸ ï¸ https://t.co/HZSyUpbcJK,0.0,0.717,0.283,Positive
90,1448139059776290816,Day 31 of asking Insomniac to please add the Captain Universe suit to Spider-Man 2 for either Peter or Miles or both ğŸ™Œ #SpiderManPS5 #SpiderMan2 #InsomniacGames https://t.co/NRZ1c2GTFw,"['Day', '31', 'asking', 'Insomniac', 'please', 'add', 'Captain', 'Universe', 'suit', 'Spider-Man', '2', 'either', 'Peter', 'Miles', 'https://t.co/NRZ1c2GTFw']",Day 31 asking Insomniac please add Captain Universe suit Spider-Man 2 either Peter Miles https://t.co/NRZ1c2GTFw,0.0,0.859,0.141,Neutral
91,1448126549299920898,"nearly forgot about this one, what did you said, MJ? ğŸ¤­ #SpiderMan2 #SpiderMan 2 #QuarantineWatchParty #SpiderManNoWayHome https://t.co/YOTOeI6U7C","['nearly', 'forgot', 'one', ',', 'said', ',', 'MJ', '?', 'ğŸ¤­', '2', 'https://t.co/YOTOeI6U7C']","nearly forgot one , said , MJ ? ğŸ¤­ 2 https://t.co/YOTOeI6U7C",0.0,0.814,0.186,Positive
92,1448126309855604740,Aunt May words are too strong ğŸ’ª #SpiderMan2 #SpiderMan 2 #QuarantineWatchParty https://t.co/1pPN0WftCI,"['Aunt', 'May', 'words', 'strong', '2', 'https://t.co/1pPN0WftCI']",Aunt May words strong 2 https://t.co/1pPN0WftCI,0.0,0.602,0.398,Positive
93,1448125665245638666,"Dashboard Confessional, Train and Michael Bublee what a movie yâ€™all #QuarantineWatchParty #spiderman2","['Dashboard', 'Confessional', ',', 'Train', 'Michael', 'Bublee', 'movie', 'â€™']","Dashboard Confessional , Train Michael Bublee movie â€™",0.0,1.0,0.0,Neutral
94,1448125525541720065,@TrainBand I donâ€™t know what yâ€™all did on this soundtrack but â€œOrdinaryâ€ is still a bop #SpiderMan2 #QuarantineWatchParty https://t.co/QbsqA6BYHx,"['â€™', 'know', 'â€™', 'soundtrack', 'â€œ', 'Ordinary', 'â€', 'still', 'bop', 'https://t.co/QbsqA6BYHx']",â€™ know â€™ soundtrack â€œ Ordinary â€ still bop https://t.co/QbsqA6BYHx,0.0,1.0,0.0,Neutral
95,1448125476749332488,"@insomniacgames 
I have one important question. 

I know you all said #Spiderman2 would be dark, but I gotta know. 
Will 
Spider
-
Man
Have
Quips
?
Also thank you for making good memories and amazing games!","['one', 'important', 'question', '.', 'know', 'said', 'would', 'dark', ',', 'gotta', 'know', '.', 'Spider', '-', 'Man', 'Quips', '?', 'Also', 'thank', 'making', 'good', 'memories', 'amazing', 'games', '!']","one important question . know said would dark , gotta know . Spider - Man Quips ? Also thank making good memories amazing games !",0.0,0.65,0.35,Positive
96,1448125117494607879,â€œLet me slip away!!!â€ ğŸ”¥ğŸ”¥ğŸ”¥ #SpiderMan2 #QuarantineWatchParty https://t.co/V3yxiBwsAK,"['â€œ', 'Let', 'slip', 'away', '!', '!', '!', 'â€', 'https://t.co/V3yxiBwsAK']",â€œ Let slip away ! ! ! â€ https://t.co/V3yxiBwsAK,0.0,1.0,0.0,Neutral
97,1448123375218462731,@ToastDraws @PhaseZeroCB thanks for hanging. that was fun. i love that movie. #SpiderMan2 #QuarantineWatchParty,"['thanks', 'hanging', '.', 'fun', '.', 'love', 'movie', '.']",thanks hanging . fun . love movie .,0.0,0.325,0.675,Positive
98,1448123153406906368,Allways good to see you Normie #avengeme #SpiderManNoWayHome #QuarantineWatchParty #spiderman2 https://t.co/3yB4fNOv2Y,"['Allways', 'good', 'see', 'Normie', 'https://t.co/3yB4fNOv2Y']",Allways good see Normie https://t.co/3yB4fNOv2Y,0.0,0.58,0.42,Positive
99,1448123129692360712,"Epic night of #SpiderMan2! 

We're watching #SpiderMan3 in October 26! Two weeks!

#QuarantineWatchParty https://t.co/Yqg59Owuhs","['Epic', 'night', '!', ""We're"", 'watching', 'October', '26', '!', 'Two', 'weeks', '!', 'https://t.co/Yqg59Owuhs']",Epic night ! We're watching October 26 ! Two weeks ! https://t.co/Yqg59Owuhs,0.0,1.0,0.0,Neutral
